[
	{
		"Username" : "animats",
		"Rating" : "3",
		"Text" : "Better than expected but yet not that best ",
		"Review_Date" : "2022-08-16",
		"Home_team" : "Leeds",
		"Away_Team" : "Southampton",
		"Match_Date" : "2022-04-02"
	},
	{
		"Username" : "bflong",
		"Rating" : "10",
		"Text" : "A very great match and the goalkeeper were better than expected",
		"Review_Date" : "2021-01-05",
		"Home_team" : "Spurs",
		"Away_Team" : "West Ham",
		"Match_Date" : "2022-03-20"
	},
	{
		"Username" : "boftx",
		"Rating" : "5",
		"Text" : "A very great match and the goalkeeper were better than expected",
		"Review_Date" : "2021-07-12",
		"Home_team" : "Chelsea",
		"Away_Team" : "Brentford",
		"Match_Date" : "2022-04-02"
	},
	{
		"Username" : "cfhsoft",
		"Rating" : "4",
		"Text" : "The match didn't go that well",
		"Review_Date" : "2021-01-01",
		"Home_team" : "Burnley",
		"Away_Team" : "Everton",
		"Match_Date" : "2022-04-06"
	},
	{
		"Username" : "cumarana",
		"Rating" : "6",
		"Text" : "The match didn't go that well",
		"Review_Date" : "2021-01-03",
		"Home_team" : "Everton",
		"Away_Team" : "Man Utd",
		"Match_Date" : "2022-04-09"
	},
	{
		"Username" : "esokullu",
		"Rating" : "2",
		"Text" : "The match didn't go that well",
		"Review_Date" : "2020-02-01",
		"Home_team" : "Man Utd",
		"Away_Team" : "Leicester",
		"Match_Date" : "2022-04-02"
	},
	{
		"Username" : "facet",
		"Rating" : "8",
		"Text" : "A very great match and the goalkeeper were better than expected",
		"Review_Date" : "2022-04-20",
		"Home_team" : "Southampton",
		"Away_Team" : "Chelsea",
		"Match_Date" : "2022-04-09"
	},
	{
		"Username" : "falcao",
		"Rating" : "1",
		"Text" : "Not the best premieum league ever",
		"Review_Date" : "2022-08-16",
		"Home_team" : "Aston Villa",
		"Away_Team" : "Spurs",
		"Match_Date" : "2022-04-09"
	},
	{
		"Username" : "flavell",
		"Rating" : "6",
		"Text" : "Not the best premieum league ever",
		"Review_Date" : "2021-01-01",
		"Home_team" : "Wolves",
		"Away_Team" : "Aston Villa",
		"Match_Date" : "2022-04-02"
	},
	{
		"Username" : "gozer",
		"Rating" : "3",
		"Text" : "I didn't like the players performance",
		"Review_Date" : "2020-04-20",
		"Home_team" : "Burnley",
		"Away_Team" : "Man City",
		"Match_Date" : "2022-04-02"
	},
	{
		"Username" : "jessicajohnson",
		"Rating" : "3",
		"Text" : "Not the best premieum league ever",
		"Review_Date" : "2021-08-09",
		"Home_team" : "Newcastle",
		"Away_Team" : "Wolves",
		"Match_Date" : "2022-04-09"
	},
	{
		"Username" : "jfmulder",
		"Rating" : "2",
		"Text" : "I didn't like the players performance",
		"Review_Date" : "2021-02-01",
		"Home_team" : "Crystal Palace",
		"Away_Team" : "Arsenal",
		"Match_Date" : "2022-04-05"
	},
	{
		"Username" : "jonadab",
		"Rating" : "5",
		"Text" : "Better than expected but yet not that best ",
		"Review_Date" : "2020-02-05",
		"Home_team" : "Spurs",
		"Away_Team" : "Newcastle",
		"Match_Date" : "2022-04-03"
	},
	{
		"Username" : "leeashley",
		"Rating" : "1",
		"Text" : "The match didn't go that well",
		"Review_Date" : "2021-11-11",
		"Home_team" : "Brentford",
		"Away_Team" : "West Ham",
		"Match_Date" : "2022-04-10"
	},
	{
		"Username" : "lyonspeter",
		"Rating" : "1",
		"Text" : "I didn't like the players performance",
		"Review_Date" : "2022-03-03",
		"Home_team" : "Leicester",
		"Away_Team" : "Crystal Palace",
		"Match_Date" : "2022-04-10"
	},
	{
		"Username" : "melnik",
		"Rating" : "7",
		"Text" : "A very great match and the goalkeeper were better than expected",
		"Review_Date" : "2021-03-04",
		"Home_team" : "West Ham",
		"Away_Team" : "Everton",
		"Match_Date" : "2022-04-03"
	},
	{
		"Username" : "monica23",
		"Rating" : "8",
		"Text" : "A very great match and the goalkeeper were better than expected",
		"Review_Date" : "2022-01-04",
		"Home_team" : "Norwich",
		"Away_Team" : "Burnley",
		"Match_Date" : "2022-04-10"
	},
	{
		"Username" : "perezbilly",
		"Rating" : "6",
		"Text" : "Better than expected but yet not that best ",
		"Review_Date" : "2021-10-10",
		"Home_team" : "Man City",
		"Away_Team" : "Liverpool",
		"Match_Date" : "2022-04-10"
	},
	{
		"Username" : "rafasgj",
		"Rating" : "9",
		"Text" : "Better than expected but yet not that best ",
		"Review_Date" : "2022-07-12",
		"Home_team" : "Watford",
		"Away_Team" : "Leeds",
		"Match_Date" : "2022-04-09"
	},
	{
		"Username" : "sjmuir",
		"Rating" : "7",
		"Text" : "I didn't like the players performance",
		"Review_Date" : "2021-02-26",
		"Home_team" : "Arsenal",
		"Away_Team" : "Brighton",
		"Match_Date" : "2022-04-09"
	},
	{
		"Username" : "sriha",
		"Rating" : "2",
		"Text" : "The match didn't go that well",
		"Review_Date" : "2021-02-26",
		"Home_team" : "Brighton",
		"Away_Team" : "Norwich",
		"Match_Date" : "2022-04-02"
	},
	{
		"Username" : "storerm",
		"Rating" : "4",
		"Text" : "I didn't like the players performance",
		"Review_Date" : "2021-05-05",
		"Home_team" : "Leicester",
		"Away_Team" : "Brentford",
		"Match_Date" : "2022-03-20"
	},
	{
		"Username" : "uraeus",
		"Rating" : "4",
		"Text" : "Not the best premieum league ever",
		"Review_Date" : "2000-01-07",
		"Home_team" : "Liverpool",
		"Away_Team" : "Watford",
		"Match_Date" : "2022-04-02"
	}
]
