[
	{
		"FName" : "Aaron",
		"LName" : "Connolly",
		"HomeTeam" : "Brighton and Hove Albion",
		"DoB" : "2000-01-28",
		"Nationality" : "Ireland",
		"Position" : "Forward",
		"Weight" : null,
		"Height" : null
	},
	{
		"FName" : "Aaron",
		"LName" : "Ramsey",
		"HomeTeam" : "Aston Villa U21",
		"DoB" : "2003-01-21",
		"Nationality" : "England",
		"Position" : "Midfielder",
		"Weight" : null,
		"Height" : null
	},
	{
		"FName" : "Abdoulaye",
		"LName" : "Doucouré",
		"HomeTeam" : "Everton",
		"DoB" : "1993-01-01",
		"Nationality" : "Mali",
		"Position" : "Everton",
		"Weight" : 184,
		"Height" : 75
	},
	{
		"FName" : "Abdul",
		"LName" : "Rahman Baba",
		"HomeTeam" : "Chelsea",
		"DoB" : "1994-07-02",
		"Nationality" : "Ghana",
		"Position" : "Defender",
		"Weight" : 180,
		"Height" : null
	},
	{
		"FName" : "Adam",
		"LName" : "Armstrong",
		"HomeTeam" : "Southampton",
		"DoB" : "1997-02-10",
		"Nationality" : "England",
		"Position" : "Southampton",
		"Weight" : 172,
		"Height" : 69
	},
	{
		"FName" : "Adrián",
		"LName" : "Bernabé",
		"HomeTeam" : "Manchester City",
		"DoB" : "2001-05-26",
		"Nationality" : "Spain",
		"Position" : "Midfielder",
		"Weight" : 170,
		"Height" : null
	},
	{
		"FName" : "Ahmed",
		"LName" : "El Mohamady",
		"HomeTeam" : "Aston Villa",
		"DoB" : "1987-09-09",
		"Nationality" : "Egypt",
		"Position" : "Defender",
		"Weight" : 183,
		"Height" : null
	},
	{
		"FName" : "Ajibola",
		"LName" : "Alese",
		"HomeTeam" : "West Ham United",
		"DoB" : "2001-01-17",
		"Nationality" : "England",
		"Position" : "West Ham United",
		"Weight" : null,
		"Height" : null
	},
	{
		"FName" : "Alex",
		"LName" : "Cochrane",
		"HomeTeam" : "Brighton and Hove Albion",
		"DoB" : "2000-04-21",
		"Nationality" : "England",
		"Position" : "Defender",
		"Weight" : null,
		"Height" : null
	},
	{
		"FName" : "Alex",
		"LName" : "Telles",
		"HomeTeam" : "Manchester United",
		"DoB" : "1992-12-15",
		"Nationality" : "Brazil",
		"Position" : "Manchester United",
		"Weight" : 181,
		"Height" : 71
	},
	{
		"FName" : "Alfie",
		"LName" : "Devine",
		"HomeTeam" : "Tottenham Hotspur",
		"DoB" : "2004-08-01",
		"Nationality" : "England",
		"Position" : "Tottenham Hotspur",
		"Weight" : 179,
		"Height" : 75
	},
	{
		"FName" : "Alphonse",
		"LName" : "Areola",
		"HomeTeam" : "West Ham United (Loan)",
		"DoB" : "1993-02-27",
		"Nationality" : "France",
		"Position" : "West Ham United",
		"Weight" : 195,
		"Height" : 94
	},
	{
		"FName" : "Amad",
		"LName" : "Diallo",
		"HomeTeam" : "Manchester United",
		"DoB" : "2002-07-11",
		"Nationality" : "Cote D’Ivoire",
		"Position" : "Forward",
		"Weight" : 173,
		"Height" : null
	},
	{
		"FName" : "André",
		"LName" : "Gomes",
		"HomeTeam" : "Everton",
		"DoB" : "1993-07-30",
		"Nationality" : "Portugal",
		"Position" : "Everton",
		"Weight" : 188,
		"Height" : 84
	},
	{
		"FName" : "Andreas",
		"LName" : "Christensen",
		"HomeTeam" : "Chelsea",
		"DoB" : "1996-04-10",
		"Nationality" : "Denmark",
		"Position" : "Chelsea",
		"Weight" : 187,
		"Height" : 82
	},
	{
		"FName" : "Andreas",
		"LName" : "Pereira",
		"HomeTeam" : "Manchester United",
		"DoB" : "1996-01-01",
		"Nationality" : "Brazil",
		"Position" : "Midfielder",
		"Weight" : 175,
		"Height" : null
	},
	{
		"FName" : "Andy",
		"LName" : "Carroll",
		"HomeTeam" : "Newcastle United",
		"DoB" : "1989-01-06",
		"Nationality" : "England",
		"Position" : "Forward",
		"Weight" : 193,
		"Height" : null
	},
	{
		"FName" : "Anthony",
		"LName" : "Driscoll-Glennon",
		"HomeTeam" : "Burnley",
		"DoB" : "1999-11-26",
		"Nationality" : "England",
		"Position" : "Defender",
		"Weight" : 181,
		"Height" : null
	},
	{
		"FName" : "Armando",
		"LName" : "Broja",
		"HomeTeam" : "Southampton (Loan)",
		"DoB" : "2001-09-10",
		"Nationality" : "Albania",
		"Position" : "Southampton",
		"Weight" : 191,
		"Height" : null
	},
	{
		"FName" : "Ashley",
		"LName" : "Barnes",
		"HomeTeam" : "Burnley",
		"DoB" : "1989-10-30",
		"Nationality" : "England",
		"Position" : "Burnley",
		"Weight" : 186,
		"Height" : 77
	},
	{
		"FName" : "Asmir",
		"LName" : "Begovic",
		"HomeTeam" : "Everton",
		"DoB" : "1987-06-20",
		"Nationality" : "Bosnia & Herzegovina",
		"Position" : "Everton",
		"Weight" : 199,
		"Height" : 101
	},
	{
		"FName" : "Ben",
		"LName" : "Chilwell",
		"HomeTeam" : "Chelsea",
		"DoB" : "1996-12-21",
		"Nationality" : "England",
		"Position" : "Chelsea",
		"Weight" : 178,
		"Height" : 77
	},
	{
		"FName" : "Ben",
		"LName" : "Cottrell",
		"HomeTeam" : "Arsenal",
		"DoB" : "2001-10-31",
		"Nationality" : "England",
		"Position" : "Midfielder",
		"Weight" : null,
		"Height" : null
	},
	{
		"FName" : "Bendeguz",
		"LName" : "Bolla",
		"HomeTeam" : "Wolverhampton Wanderers",
		"DoB" : "1999-11-22",
		"Nationality" : "Hungary",
		"Position" : "Defender",
		"Weight" : null,
		"Height" : null
	},
	{
		"FName" : "Beni",
		"LName" : "Baningime",
		"HomeTeam" : "Everton",
		"DoB" : "1998-09-09",
		"Nationality" : "DR Congo",
		"Position" : "Midfielder",
		"Weight" : 178,
		"Height" : null
	},
	{
		"FName" : "Benjamin",
		"LName" : "Chrisene",
		"HomeTeam" : "Aston Villa",
		"DoB" : "2004-01-12",
		"Nationality" : "England",
		"Position" : "Aston Villa",
		"Weight" : null,
		"Height" : null
	},
	{
		"FName" : "Bernardo",
		"LName" : "Silva",
		"HomeTeam" : "Manchester City",
		"DoB" : "1994-08-10",
		"Nationality" : "Portugal",
		"Position" : "Manchester City",
		"Weight" : 173,
		"Height" : 64
	},
	{
		"FName" : "Billy",
		"LName" : "Arce",
		"HomeTeam" : "Brighton and Hove Albion",
		"DoB" : "1998-07-12",
		"Nationality" : "Ecuador",
		"Position" : "Midfielder",
		"Weight" : 178,
		"Height" : null
	},
	{
		"FName" : "Brandon",
		"LName" : "Austin",
		"HomeTeam" : "Tottenham Hotspur",
		"DoB" : "1999-01-07",
		"Nationality" : "England",
		"Position" : "Tottenham Hotspur",
		"Weight" : 188,
		"Height" : 82
	},
	{
		"FName" : "Bruno",
		"LName" : "Fernandes",
		"HomeTeam" : "Manchester United",
		"DoB" : "1994-09-08",
		"Nationality" : "Portugal",
		"Position" : "Manchester United",
		"Weight" : 179,
		"Height" : 69
	},
	{
		"FName" : "Bruno",
		"LName" : "Guimarães",
		"HomeTeam" : "Newcastle United",
		"DoB" : "1997-11-16",
		"Nationality" : "Brazil",
		"Position" : "Newcastle United",
		"Weight" : 182,
		"Height" : 74
	},
	{
		"FName" : "Bruno",
		"LName" : "Jordão",
		"HomeTeam" : "Wolverhampton Wanderers",
		"DoB" : "1998-10-12",
		"Nationality" : "Portugal",
		"Position" : "Midfielder",
		"Weight" : 180,
		"Height" : null
	},
	{
		"FName" : "Caleb",
		"LName" : "Chukwuemeka",
		"HomeTeam" : "Aston Villa",
		"DoB" : "2002-01-25",
		"Nationality" : "England",
		"Position" : "Forward",
		"Weight" : null,
		"Height" : null
	},
	{
		"FName" : "Callum",
		"LName" : "Rowe",
		"HomeTeam" : "Aston Villa",
		"DoB" : "1999-09-02",
		"Nationality" : "England",
		"Position" : "Defender",
		"Weight" : null,
		"Height" : null
	},
	{
		"FName" : "Calum",
		"LName" : "Chambers",
		"HomeTeam" : "Aston Villa",
		"DoB" : "1995-01-20",
		"Nationality" : "England",
		"Position" : "Aston Villa",
		"Weight" : 182,
		"Height" : 66
	},
	{
		"FName" : "Cameron",
		"LName" : "Archer",
		"HomeTeam" : "Aston Villa U21",
		"DoB" : "2001-12-09",
		"Nationality" : "England",
		"Position" : "Forward",
		"Weight" : null,
		"Height" : null
	},
	{
		"FName" : "Cameron",
		"LName" : "Carter-Vickers",
		"HomeTeam" : "Tottenham Hotspur",
		"DoB" : "1997-12-31",
		"Nationality" : "United States",
		"Position" : "Defender",
		"Weight" : 183,
		"Height" : null
	},
	{
		"FName" : "Carlos",
		"LName" : "Vinícius",
		"HomeTeam" : "Tottenham Hotspur (Loan)",
		"DoB" : "1995-03-25",
		"Nationality" : "Brazil",
		"Position" : "Forward",
		"Weight" : 190,
		"Height" : null
	},
	{
		"FName" : "Carney",
		"LName" : "Chukwuemeka",
		"HomeTeam" : "Aston Villa",
		"DoB" : "2003-10-20",
		"Nationality" : "England",
		"Position" : "Aston Villa",
		"Weight" : null,
		"Height" : null
	},
	{
		"FName" : "Cédric",
		"LName" : "Soares",
		"HomeTeam" : "Arsenal",
		"DoB" : "1991-08-31",
		"Nationality" : "Portugal",
		"Position" : "Arsenal",
		"Weight" : 172,
		"Height" : 67
	},
	{
		"FName" : "César",
		"LName" : "Azpilicueta",
		"HomeTeam" : "Chelsea",
		"DoB" : "1989-08-28",
		"Nationality" : "Spain",
		"Position" : "Chelsea",
		"Weight" : 178,
		"Height" : 76
	},
	{
		"FName" : "Charlie",
		"LName" : "Cresswell",
		"HomeTeam" : "Leeds United",
		"DoB" : "2002-08-17",
		"Nationality" : "England",
		"Position" : "Leeds United",
		"Weight" : null,
		"Height" : null
	},
	{
		"FName" : "Che",
		"LName" : "Adams",
		"HomeTeam" : "Southampton",
		"DoB" : "1996-07-13",
		"Nationality" : "Scotland",
		"Position" : "Southampton",
		"Weight" : 175,
		"Height" : 70
	},
	{
		"FName" : "Chem",
		"LName" : "Campbell",
		"HomeTeam" : "Wolverhampton Wanderers",
		"DoB" : "2002-12-30",
		"Nationality" : "Wales",
		"Position" : "Wolverhampton Wanderers",
		"Weight" : null,
		"Height" : null
	},
	{
		"FName" : "Christian",
		"LName" : "Atsu",
		"HomeTeam" : "Newcastle United",
		"DoB" : "1992-01-10",
		"Nationality" : "Ghana",
		"Position" : "Midfielder",
		"Weight" : 165,
		"Height" : null
	},
	{
		"FName" : "Christian",
		"LName" : "Benteke",
		"HomeTeam" : "Crystal Palace",
		"DoB" : "1990-12-03",
		"Nationality" : "Belgium",
		"Position" : "Crystal Palace",
		"Weight" : 190,
		"Height" : 83
	},
	{
		"FName" : "Christian",
		"LName" : "Marques",
		"HomeTeam" : "Wolverhampton Wanderers",
		"DoB" : "2003-01-15",
		"Nationality" : "Portugal",
		"Position" : "Defender",
		"Weight" : 187,
		"Height" : null
	},
	{
		"FName" : "Ciaran",
		"LName" : "Clark",
		"HomeTeam" : "Newcastle United",
		"DoB" : "1989-09-26",
		"Nationality" : "Ireland",
		"Position" : "Newcastle United",
		"Weight" : 185,
		"Height" : 88
	},
	{
		"FName" : "CJ",
		"LName" : "Egan-Riley",
		"HomeTeam" : "Manchester City",
		"DoB" : "2003-01-02",
		"Nationality" : "England",
		"Position" : "Manchester City",
		"Weight" : null,
		"Height" : null
	},
	{
		"FName" : "Cody",
		"LName" : "Drameh",
		"HomeTeam" : "Leeds United",
		"DoB" : "2001-12-08",
		"Nationality" : "England",
		"Position" : "Defender",
		"Weight" : null,
		"Height" : null
	},
	{
		"FName" : "Conor",
		"LName" : "Bradley",
		"HomeTeam" : "Liverpool",
		"DoB" : "2003-07-09",
		"Nationality" : "Northern Ireland",
		"Position" : "Liverpool",
		"Weight" : null,
		"Height" : null
	},
	{
		"FName" : "Conor",
		"LName" : "Coady",
		"HomeTeam" : "Wolverhampton Wanderers",
		"DoB" : "1993-02-25",
		"Nationality" : "England",
		"Position" : "Wolverhampton Wanderers",
		"Weight" : 185,
		"Height" : 73
	},
	{
		"FName" : "Conor",
		"LName" : "Coventry",
		"HomeTeam" : "West Ham United",
		"DoB" : "2000-03-25",
		"Nationality" : "Ireland",
		"Position" : "Midfielder",
		"Weight" : 177,
		"Height" : null
	},
	{
		"FName" : "Craig",
		"LName" : "Cathcart",
		"HomeTeam" : "Watford",
		"DoB" : "1989-02-06",
		"Nationality" : "Northern Ireland",
		"Position" : "Watford",
		"Weight" : 188,
		"Height" : 73
	},
	{
		"FName" : "Craig",
		"LName" : "Dawson",
		"HomeTeam" : "West Ham United",
		"DoB" : "1990-05-06",
		"Nationality" : "England",
		"Position" : "West Ham United",
		"Weight" : 188,
		"Height" : 82
	},
	{
		"FName" : "Cristiano",
		"LName" : "Ronaldo",
		"HomeTeam" : "Manchester United",
		"DoB" : "1985-02-05",
		"Nationality" : "Portugal",
		"Position" : "Manchester United",
		"Weight" : 187,
		"Height" : 83
	},
	{
		"FName" : "Cucho",
		"LName" : "Hernández",
		"HomeTeam" : "Watford",
		"DoB" : "1999-04-20",
		"Nationality" : "Colombia",
		"Position" : "Watford",
		"Weight" : 176,
		"Height" : 73
	},
	{
		"FName" : "Dan",
		"LName" : "Burn",
		"HomeTeam" : "Newcastle United",
		"DoB" : "1992-05-09",
		"Nationality" : "England",
		"Position" : "Newcastle United",
		"Weight" : 198,
		"Height" : 87
	},
	{
		"FName" : "Dani",
		"LName" : "Ceballos",
		"HomeTeam" : "Arsenal (Loan)",
		"DoB" : "1996-08-07",
		"Nationality" : "Spain",
		"Position" : "Midfielder",
		"Weight" : 179,
		"Height" : null
	},
	{
		"FName" : "Daniel",
		"LName" : "Amartey",
		"HomeTeam" : "Leicester City",
		"DoB" : "1994-12-21",
		"Nationality" : "Ghana",
		"Position" : "Leicester City",
		"Weight" : 186,
		"Height" : 79
	},
	{
		"FName" : "Daniel",
		"LName" : "Bachmann",
		"HomeTeam" : "Watford",
		"DoB" : "1994-07-09",
		"Nationality" : "Austria",
		"Position" : "Watford",
		"Weight" : 191,
		"Height" : 81
	},
	{
		"FName" : "Daniel",
		"LName" : "Barden",
		"HomeTeam" : "Norwich City",
		"DoB" : "2001-01-02",
		"Nationality" : "Wales",
		"Position" : "Goalkeeper",
		"Weight" : 195,
		"Height" : null
	},
	{
		"FName" : "Daniel",
		"LName" : "Chesters",
		"HomeTeam" : "West Ham United",
		"DoB" : "2002-04-04",
		"Nationality" : "England",
		"Position" : "West Ham United",
		"Weight" : null,
		"Height" : null
	},
	{
		"FName" : "Daniel",
		"LName" : "Podence",
		"HomeTeam" : "Wolverhampton Wanderers",
		"DoB" : "1995-10-21",
		"Nationality" : "Portugal",
		"Position" : "Wolverhampton Wanderers",
		"Weight" : 165,
		"Height" : 58
	},
	{
		"FName" : "Danny",
		"LName" : "Drinkwater",
		"HomeTeam" : "Chelsea",
		"DoB" : "1990-03-05",
		"Nationality" : "England",
		"Position" : "Midfielder",
		"Weight" : 178,
		"Height" : null
	},
	{
		"FName" : "David",
		"LName" : "de Gea",
		"HomeTeam" : "Manchester United",
		"DoB" : "1990-11-07",
		"Nationality" : "Spain",
		"Position" : "Manchester United",
		"Weight" : 192,
		"Height" : 76
	},
	{
		"FName" : "David",
		"LName" : "Luiz",
		"HomeTeam" : "Arsenal",
		"DoB" : "1987-04-22",
		"Nationality" : "Brazil",
		"Position" : "Defender",
		"Weight" : 189,
		"Height" : null
	},
	{
		"FName" : "Dele",
		"LName" : "Alli",
		"HomeTeam" : "Everton",
		"DoB" : "1996-04-11",
		"Nationality" : "England",
		"Position" : "Everton",
		"Weight" : 188,
		"Height" : 76
	},
	{
		"FName" : "Dennis",
		"LName" : "Cirkin",
		"HomeTeam" : "Tottenham Hotspur",
		"DoB" : "2002-04-06",
		"Nationality" : "England",
		"Position" : "Defender",
		"Weight" : 181,
		"Height" : null
	},
	{
		"FName" : "Derek",
		"LName" : "Agyakwa",
		"HomeTeam" : "Watford",
		"DoB" : "2001-12-19",
		"Nationality" : "Netherlands",
		"Position" : "Watford",
		"Weight" : null,
		"Height" : null
	},
	{
		"FName" : "Diogo",
		"LName" : "Dalot",
		"HomeTeam" : "Manchester United",
		"DoB" : "1999-03-18",
		"Nationality" : "Portugal",
		"Position" : "Manchester United",
		"Weight" : 183,
		"Height" : 76
	},
	{
		"FName" : "Diogo",
		"LName" : "Jota",
		"HomeTeam" : "Liverpool",
		"DoB" : "1996-12-04",
		"Nationality" : "Portugal",
		"Position" : "Liverpool",
		"Weight" : 178,
		"Height" : 68
	},
	{
		"FName" : "Domingos",
		"LName" : "Quina",
		"HomeTeam" : "Watford",
		"DoB" : "1999-11-18",
		"Nationality" : "Portugal",
		"Position" : "Midfielder",
		"Weight" : 179,
		"Height" : null
	},
	{
		"FName" : "Dominic",
		"LName" : "Calvert-Lewin",
		"HomeTeam" : "Everton",
		"DoB" : "1997-03-16",
		"Nationality" : "England",
		"Position" : "Everton",
		"Weight" : 187,
		"Height" : 71
	},
	{
		"FName" : "Douglas",
		"LName" : "Luiz",
		"HomeTeam" : "Aston Villa",
		"DoB" : "1998-05-09",
		"Nationality" : "Brazil",
		"Position" : "Aston Villa",
		"Weight" : 175,
		"Height" : 66
	},
	{
		"FName" : "Edinson",
		"LName" : "Cavani",
		"HomeTeam" : "Manchester United",
		"DoB" : "1987-02-14",
		"Nationality" : "Uruguay",
		"Position" : "Manchester United",
		"Weight" : 184,
		"Height" : 71
	},
	{
		"FName" : "Elia",
		"LName" : "Caprile",
		"HomeTeam" : "Leeds United",
		"DoB" : "2001-08-25",
		"Nationality" : "Italy",
		"Position" : "Goalkeeper",
		"Weight" : null,
		"Height" : null
	},
	{
		"FName" : "Elijah",
		"LName" : "Dixon-Bonner",
		"HomeTeam" : "Liverpool",
		"DoB" : "2001-01-01",
		"Nationality" : "England",
		"Position" : "Liverpool",
		"Weight" : null,
		"Height" : null
	},
	{
		"FName" : "Ellery",
		"LName" : "Balcombe",
		"HomeTeam" : "Brentford",
		"DoB" : "1999-10-15",
		"Nationality" : "England",
		"Position" : "Goalkeeper",
		"Weight" : 190,
		"Height" : null
	},
	{
		"FName" : "Emiliano",
		"LName" : "Buendía",
		"HomeTeam" : "Aston Villa",
		"DoB" : "1996-12-25",
		"Nationality" : "Argentina",
		"Position" : "Aston Villa",
		"Weight" : 172,
		"Height" : 72
	},
	{
		"FName" : "Emmanuel",
		"LName" : "Dennis",
		"HomeTeam" : "Watford",
		"DoB" : "1997-11-15",
		"Nationality" : "Nigeria",
		"Position" : "Watford",
		"Weight" : 175,
		"Height" : 67
	},
	{
		"FName" : "Eric",
		"LName" : "Bailly",
		"HomeTeam" : "Manchester United",
		"DoB" : "1994-04-12",
		"Nationality" : "Cote D’Ivoire",
		"Position" : "Manchester United",
		"Weight" : 187,
		"Height" : 77
	},
	{
		"FName" : "Eric",
		"LName" : "Dier",
		"HomeTeam" : "Tottenham Hotspur",
		"DoB" : "1994-01-15",
		"Nationality" : "England",
		"Position" : "Tottenham Hotspur",
		"Weight" : 188,
		"Height" : 88
	},
	{
		"FName" : "Ethan",
		"LName" : "Ampadu",
		"HomeTeam" : "Chelsea",
		"DoB" : "2000-09-14",
		"Nationality" : "Wales",
		"Position" : "Defender",
		"Weight" : 183,
		"Height" : null
	},
	{
		"FName" : "Ezgjan",
		"LName" : "Alioski",
		"HomeTeam" : "Leeds United",
		"DoB" : "1992-02-12",
		"Nationality" : "North Macedonia",
		"Position" : "Midfielder",
		"Weight" : 173,
		"Height" : null
	},
	{
		"FName" : "Fabián",
		"LName" : "Balbuena",
		"HomeTeam" : "West Ham United",
		"DoB" : "1991-08-23",
		"Nationality" : "Paraguay",
		"Position" : "Defender",
		"Weight" : 188,
		"Height" : null
	},
	{
		"FName" : "Fabian",
		"LName" : "Delph",
		"HomeTeam" : "Everton",
		"DoB" : "1989-11-21",
		"Nationality" : "England",
		"Position" : "Everton",
		"Weight" : 174,
		"Height" : 60
	},
	{
		"FName" : "Faustino",
		"LName" : "Anjorin",
		"HomeTeam" : "Chelsea",
		"DoB" : "2001-11-23",
		"Nationality" : "England",
		"Position" : "Midfielder",
		"Weight" : 185,
		"Height" : null
	},
	{
		"FName" : "Filip",
		"LName" : "Benkovic",
		"HomeTeam" : "Leicester City",
		"DoB" : "1997-07-13",
		"Nationality" : "Croatia",
		"Position" : "Defender",
		"Weight" : 194,
		"Height" : null
	},
	{
		"FName" : "Finley",
		"LName" : "Burns",
		"HomeTeam" : "Manchester City",
		"DoB" : "2003-06-17",
		"Nationality" : "England",
		"Position" : "Defender",
		"Weight" : null,
		"Height" : null
	},
	{
		"FName" : "Florin",
		"LName" : "Andone",
		"HomeTeam" : "Brighton and Hove Albion",
		"DoB" : "1993-04-11",
		"Nationality" : "Romania",
		"Position" : "Forward",
		"Weight" : 180,
		"Height" : null
	},
	{
		"FName" : "Folarin",
		"LName" : "Balogun",
		"HomeTeam" : "Arsenal",
		"DoB" : "2001-07-03",
		"Nationality" : "England",
		"Position" : "Forward",
		"Weight" : 178,
		"Height" : null
	},
	{
		"FName" : "Gaetano",
		"LName" : "Berardi",
		"HomeTeam" : "Leeds United",
		"DoB" : "1988-08-21",
		"Nationality" : "Switzerland",
		"Position" : "Defender",
		"Weight" : 179,
		"Height" : null
	},
	{
		"FName" : "Gareth",
		"LName" : "Bale",
		"HomeTeam" : "Tottenham Hotspur (Loan)",
		"DoB" : "1989-07-16",
		"Nationality" : "Wales",
		"Position" : "Forward",
		"Weight" : 185,
		"Height" : null
	},
	{
		"FName" : "Gary",
		"LName" : "Cahill",
		"HomeTeam" : "Crystal Palace",
		"DoB" : "1985-12-19",
		"Nationality" : "England",
		"Position" : "Defender",
		"Weight" : 193,
		"Height" : null
	},
	{
		"FName" : "Halil",
		"LName" : "Dervisoglu",
		"HomeTeam" : "Brentford",
		"DoB" : "1999-12-08",
		"Nationality" : "Turkey",
		"Position" : "Forward",
		"Weight" : 183,
		"Height" : null
	},
	{
		"FName" : "Hamza",
		"LName" : "Choudhury",
		"HomeTeam" : "Leicester City",
		"DoB" : "1997-10-01",
		"Nationality" : "England",
		"Position" : "Leicester City",
		"Weight" : 178,
		"Height" : 64
	},
	{
		"FName" : "Harrison",
		"LName" : "Ashby",
		"HomeTeam" : "West Ham United",
		"DoB" : "2001-11-14",
		"Nationality" : "Scotland",
		"Position" : "West Ham United",
		"Weight" : null,
		"Height" : null
	},
	{
		"FName" : "Harry",
		"LName" : "Clarke",
		"HomeTeam" : "Arsenal",
		"DoB" : "2001-03-02",
		"Nationality" : "England",
		"Position" : "Defender",
		"Weight" : null,
		"Height" : null
	},
	{
		"FName" : "Harvey",
		"LName" : "Blair",
		"HomeTeam" : "Liverpool",
		"DoB" : "2003-09-14",
		"Nationality" : "England",
		"Position" : "Liverpool",
		"Weight" : null,
		"Height" : null
	},
	{
		"FName" : "Héctor",
		"LName" : "Bellerín",
		"HomeTeam" : "Arsenal",
		"DoB" : "1995-03-19",
		"Nationality" : "Spain",
		"Position" : "Defender",
		"Weight" : 178,
		"Height" : null
	},
	{
		"FName" : "Henrik",
		"LName" : "Dalsgaard",
		"HomeTeam" : "Brentford",
		"DoB" : "1989-07-27",
		"Nationality" : "Denmark",
		"Position" : "Defender",
		"Weight" : 192,
		"Height" : null
	},
	{
		"FName" : "Hugo",
		"LName" : "Bueno",
		"HomeTeam" : "Wolverhampton Wanderers",
		"DoB" : "2002-09-18",
		"Nationality" : "Spain",
		"Position" : "Wolverhampton Wanderers",
		"Weight" : 180,
		"Height" : 73
	},
	{
		"FName" : "Issa",
		"LName" : "Diop",
		"HomeTeam" : "West Ham United",
		"DoB" : "1997-01-09",
		"Nationality" : "France",
		"Position" : "West Ham United",
		"Weight" : 194,
		"Height" : 92
	},
	{
		"FName" : "J'Neil",
		"LName" : "Bennett",
		"HomeTeam" : "Tottenham Hotspur",
		"DoB" : "2001-12-07",
		"Nationality" : "England",
		"Position" : "Tottenham Hotspur",
		"Weight" : null,
		"Height" : null
	},
	{
		"FName" : "Jack",
		"LName" : "Butland",
		"HomeTeam" : "Crystal Palace",
		"DoB" : "1993-03-10",
		"Nationality" : "England",
		"Position" : "Crystal Palace",
		"Weight" : 196,
		"Height" : 95
	},
	{
		"FName" : "Jack",
		"LName" : "Cork",
		"HomeTeam" : "Burnley",
		"DoB" : "1989-06-25",
		"Nationality" : "England",
		"Position" : "Burnley",
		"Weight" : 183,
		"Height" : 70
	},
	{
		"FName" : "Jaime",
		"LName" : "Alvarado",
		"HomeTeam" : "Watford",
		"DoB" : "1999-07-26",
		"Nationality" : "Colombia",
		"Position" : "Midfielder",
		"Weight" : 179,
		"Height" : null
	},
	{
		"FName" : "Jake",
		"LName" : "Cain",
		"HomeTeam" : "Liverpool",
		"DoB" : "2001-09-02",
		"Nationality" : "England",
		"Position" : "Midfielder",
		"Weight" : null,
		"Height" : null
	},
	{
		"FName" : "Jake",
		"LName" : "Clarke-Salter",
		"HomeTeam" : "Chelsea",
		"DoB" : "1997-09-22",
		"Nationality" : "England",
		"Position" : "Defender",
		"Weight" : 188,
		"Height" : null
	},
	{
		"FName" : "James",
		"LName" : "Balagizi",
		"HomeTeam" : "Liverpool",
		"DoB" : "2003-09-20",
		"Nationality" : "England",
		"Position" : "Liverpool",
		"Weight" : null,
		"Height" : null
	},
	{
		"FName" : "Jamie",
		"LName" : "Bowden",
		"HomeTeam" : "Tottenham Hotspur",
		"DoB" : "2001-07-09",
		"Nationality" : "Ireland",
		"Position" : "Tottenham Hotspur",
		"Weight" : null,
		"Height" : null
	},
	{
		"FName" : "Jamie",
		"LName" : "Cumming",
		"HomeTeam" : "Chelsea",
		"DoB" : "1999-09-04",
		"Nationality" : "England",
		"Position" : "Goalkeeper",
		"Weight" : 186,
		"Height" : null
	},
	{
		"FName" : "Jan",
		"LName" : "Bednarek",
		"HomeTeam" : "Lech Poznan",
		"DoB" : "1996-04-12",
		"Nationality" : "Poland",
		"Position" : "Southampton",
		"Weight" : 189,
		"Height" : 77
	},
	{
		"FName" : "Jarrad",
		"LName" : "Branthwaite",
		"HomeTeam" : "Everton",
		"DoB" : "2002-06-27",
		"Nationality" : "England",
		"Position" : "Blackburn Rovers",
		"Weight" : 195,
		"Height" : 82
	},
	{
		"FName" : "Jarrod",
		"LName" : "Bowen",
		"HomeTeam" : "West Ham United",
		"DoB" : "1996-12-20",
		"Nationality" : "England",
		"Position" : "West Ham United",
		"Weight" : 175,
		"Height" : 70
	},
	{
		"FName" : "Joachim",
		"LName" : "Andersen",
		"HomeTeam" : "Crystal Palace",
		"DoB" : "1996-05-31",
		"Nationality" : "Denmark",
		"Position" : "Crystal Palace",
		"Weight" : 192,
		"Height" : 90
	},
	{
		"FName" : "Jordan",
		"LName" : "Ayew",
		"HomeTeam" : "Crystal Palace",
		"DoB" : "1991-09-11",
		"Nationality" : "Ghana",
		"Position" : "Crystal Palace",
		"Weight" : 182,
		"Height" : 80
	},
	{
		"FName" : "Joseph",
		"LName" : "Anderson",
		"HomeTeam" : "Everton",
		"DoB" : "2001-02-06",
		"Nationality" : "England",
		"Position" : "Defender",
		"Weight" : null,
		"Height" : null
	},
	{
		"FName" : "Josh",
		"LName" : "Benson",
		"HomeTeam" : "Burnley",
		"DoB" : "1999-12-05",
		"Nationality" : "England",
		"Position" : "Midfielder",
		"Weight" : 175,
		"Height" : null
	},
	{
		"FName" : "Josh",
		"LName" : "Brownhill",
		"HomeTeam" : "Burnley",
		"DoB" : "1995-12-19",
		"Nationality" : "England",
		"Position" : "Burnley",
		"Weight" : 180,
		"Height" : 69
	},
	{
		"FName" : "Josh",
		"LName" : "Dasilva",
		"HomeTeam" : "Brentford",
		"DoB" : "1998-10-23",
		"Nationality" : "England",
		"Position" : "Brentford",
		"Weight" : 184,
		"Height" : 75
	},
	{
		"FName" : "Julián",
		"LName" : "Álvarez",
		"HomeTeam" : "Manchester City",
		"DoB" : "2000-01-31",
		"Nationality" : "Argentina",
		"Position" : "Forward",
		"Weight" : 173,
		"Height" : null
	},
	{
		"FName" : "Kallum",
		"LName" : "Cesay",
		"HomeTeam" : "Tottenham Hotspur",
		"DoB" : "2002-09-04",
		"Nationality" : "England",
		"Position" : "Tottenham Hotspur",
		"Weight" : null,
		"Height" : null
	},
	{
		"FName" : "Kamil",
		"LName" : "Conteh",
		"HomeTeam" : "Watford",
		"DoB" : "2002-12-26",
		"Nationality" : "England",
		"Position" : "Midfielder",
		"Weight" : 177,
		"Height" : null
	},
	{
		"FName" : "Kane",
		"LName" : "Crichlow",
		"HomeTeam" : "Watford",
		"DoB" : "2000-08-21",
		"Nationality" : "Bermuda",
		"Position" : "Midfielder",
		"Weight" : null,
		"Height" : null
	},
	{
		"FName" : "Karl",
		"LName" : "Darlow",
		"HomeTeam" : "Newcastle United",
		"DoB" : "1990-10-08",
		"Nationality" : "England",
		"Position" : "Newcastle United",
		"Weight" : 190,
		"Height" : 88
	},
	{
		"FName" : "Keenan",
		"LName" : "Appiah-Forson",
		"HomeTeam" : "West Ham United",
		"DoB" : "2001-10-16",
		"Nationality" : "England",
		"Position" : "West Ham United",
		"Weight" : null,
		"Height" : null
	},
	{
		"FName" : "Keinan",
		"LName" : "Davis",
		"HomeTeam" : "Aston Villa",
		"DoB" : "1998-02-13",
		"Nationality" : "England",
		"Position" : "Forward",
		"Weight" : 191,
		"Height" : null
	},
	{
		"FName" : "Kepa",
		"LName" : "Arrizabalaga",
		"HomeTeam" : "Chelsea",
		"DoB" : "1994-10-03",
		"Nationality" : "Spain",
		"Position" : "Chelsea",
		"Weight" : 189,
		"Height" : 84
	},
	{
		"FName" : "Kevin",
		"LName" : "De Bruyne",
		"HomeTeam" : "Manchester City",
		"DoB" : "1991-06-28",
		"Nationality" : "Belgium",
		"Position" : "Manchester City",
		"Weight" : 181,
		"Height" : 68
	},
	{
		"FName" : "Kgaogelo",
		"LName" : "Chauke",
		"HomeTeam" : "Southampton",
		"DoB" : "2003-01-08",
		"Nationality" : "England",
		"Position" : "Southampton",
		"Weight" : null,
		"Height" : null
	},
	{
		"FName" : "Kieran",
		"LName" : "Dowell",
		"HomeTeam" : "Norwich City",
		"DoB" : "1997-10-10",
		"Nationality" : "England",
		"Position" : "Norwich City",
		"Weight" : 175,
		"Height" : 70
	},
	{
		"FName" : "Kiernan",
		"LName" : "Dewsbury-Hall",
		"HomeTeam" : "Leicester City",
		"DoB" : "1998-09-06",
		"Nationality" : "England",
		"Position" : "Leicester City",
		"Weight" : null,
		"Height" : null
	},
	{
		"FName" : "Kristoffer",
		"LName" : "Ajer",
		"HomeTeam" : "Brentford",
		"DoB" : "1998-04-17",
		"Nationality" : "Norway",
		"Position" : "Brentford",
		"Weight" : 196,
		"Height" : 84
	},
	{
		"FName" : "Kwadwo",
		"LName" : "Baah",
		"HomeTeam" : "Watford",
		"DoB" : "2003-01-27",
		"Nationality" : "Germany",
		"Position" : "Watford",
		"Weight" : null,
		"Height" : null
	},
	{
		"FName" : "Lamare",
		"LName" : "Bogarde",
		"HomeTeam" : "Aston Villa",
		"DoB" : "2004-01-05",
		"Nationality" : "Netherlands",
		"Position" : "Aston Villa",
		"Weight" : null,
		"Height" : null
	},
	{
		"FName" : "Lars",
		"LName" : "Dendoncker",
		"HomeTeam" : "Brighton and Hove Albion",
		"DoB" : "2001-04-03",
		"Nationality" : "Belgium",
		"Position" : "Brighton and Hove Albion",
		"Weight" : null,
		"Height" : null
	},
	{
		"FName" : "Laurens",
		"LName" : "De Bock",
		"HomeTeam" : "Leeds United",
		"DoB" : "1992-11-07",
		"Nationality" : "Belgium",
		"Position" : "SV Zulte Waregem",
		"Weight" : 179,
		"Height" : 74
	},
	{
		"FName" : "Leighton",
		"LName" : "Clarkson",
		"HomeTeam" : "Liverpool",
		"DoB" : "2001-10-19",
		"Nationality" : "England",
		"Position" : "Midfielder",
		"Weight" : 175,
		"Height" : null
	},
	{
		"FName" : "Leon",
		"LName" : "Bailey",
		"HomeTeam" : "Aston Villa",
		"DoB" : "1997-08-09",
		"Nationality" : "Jamaica",
		"Position" : "Aston Villa",
		"Weight" : 178,
		"Height" : 77
	},
	{
		"FName" : "Leonardo",
		"LName" : "Campana",
		"HomeTeam" : "Wolverhampton Wanderers",
		"DoB" : "2000-07-24",
		"Nationality" : "Ecuador",
		"Position" : "Forward",
		"Weight" : 187,
		"Height" : null
	},
	{
		"FName" : "Lewis",
		"LName" : "Baker",
		"HomeTeam" : "Chelsea",
		"DoB" : "1995-04-25",
		"Nationality" : "England",
		"Position" : "Midfielder",
		"Weight" : 182,
		"Height" : null
	},
	{
		"FName" : "Lewis",
		"LName" : "Bate",
		"HomeTeam" : "Leeds United",
		"DoB" : "2002-10-28",
		"Nationality" : "England",
		"Position" : "Leeds United",
		"Weight" : null,
		"Height" : null
	},
	{
		"FName" : "Lewis",
		"LName" : "Brunt",
		"HomeTeam" : "Leicester City",
		"DoB" : "2000-11-06",
		"Nationality" : "England",
		"Position" : "Leicester City",
		"Weight" : null,
		"Height" : null
	},
	{
		"FName" : "Lewis",
		"LName" : "Dobbin",
		"HomeTeam" : "Everton",
		"DoB" : "2003-01-03",
		"Nationality" : "England",
		"Position" : "Everton",
		"Weight" : null,
		"Height" : null
	},
	{
		"FName" : "Liam",
		"LName" : "Cooper",
		"HomeTeam" : "Leeds United",
		"DoB" : "1991-08-30",
		"Nationality" : "Scotland",
		"Position" : "Leeds United",
		"Weight" : 180,
		"Height" : 73
	},
	{
		"FName" : "Liam",
		"LName" : "Delap",
		"HomeTeam" : "Manchester City",
		"DoB" : "2003-02-08",
		"Nationality" : "England",
		"Position" : "Manchester City",
		"Weight" : null,
		"Height" : null
	},
	{
		"FName" : "Louie",
		"LName" : "Barry",
		"HomeTeam" : "Aston Villa",
		"DoB" : "2003-06-21",
		"Nationality" : "England",
		"Position" : "Forward",
		"Weight" : null,
		"Height" : null
	},
	{
		"FName" : "Lucas",
		"LName" : "Bergström",
		"HomeTeam" : "Chelsea",
		"DoB" : "2002-09-05",
		"Nationality" : "Finland",
		"Position" : "Chelsea",
		"Weight" : null,
		"Height" : null
	},
	{
		"FName" : "Lucas",
		"LName" : "De Bolle",
		"HomeTeam" : "Newcastle United",
		"DoB" : "2002-10-22",
		"Nationality" : "Scotland",
		"Position" : "Newcastle United",
		"Weight" : null,
		"Height" : null
	},
	{
		"FName" : "Lucas",
		"LName" : "Digne",
		"HomeTeam" : "Aston Villa",
		"DoB" : "1993-07-20",
		"Nationality" : "France",
		"Position" : "Aston Villa",
		"Weight" : 178,
		"Height" : 74
	},
	{
		"FName" : "Luis",
		"LName" : "Díaz",
		"HomeTeam" : "Liverpool",
		"DoB" : "1997-01-13",
		"Nationality" : "Colombia",
		"Position" : "Liverpool",
		"Weight" : 178,
		"Height" : 65
	},
	{
		"FName" : "Luke",
		"LName" : "Ayling",
		"HomeTeam" : "Leeds United",
		"DoB" : "1991-08-25",
		"Nationality" : "England",
		"Position" : "Leeds United",
		"Weight" : 185,
		"Height" : 72
	},
	{
		"FName" : "Luke",
		"LName" : "Bolton",
		"HomeTeam" : "Manchester City",
		"DoB" : "1999-10-07",
		"Nationality" : "England",
		"Position" : "Midfielder",
		"Weight" : 174,
		"Height" : null
	},
	{
		"FName" : "Luke",
		"LName" : "Cundle",
		"HomeTeam" : "Wolverhampton Wanderers",
		"DoB" : "2002-04-26",
		"Nationality" : "England",
		"Position" : "Wolverhampton Wanderers",
		"Weight" : null,
		"Height" : null
	},
	{
		"FName" : "Luke",
		"LName" : "Daniels",
		"HomeTeam" : "Brentford",
		"DoB" : "1988-01-05",
		"Nationality" : "England",
		"Position" : "Goalkeeper",
		"Weight" : 185,
		"Height" : null
	},
	{
		"FName" : "Mads",
		"LName" : "Bech Sørensen",
		"HomeTeam" : "Brentford",
		"DoB" : "1999-01-07",
		"Nationality" : "Denmark",
		"Position" : "Brentford",
		"Weight" : 189,
		"Height" : 92
	},
	{
		"FName" : "Mads",
		"LName" : "Bidstrup",
		"HomeTeam" : "Brentford",
		"DoB" : "2001-02-25",
		"Nationality" : "Denmark",
		"Position" : "Midfielder",
		"Weight" : 175,
		"Height" : null
	},
	{
		"FName" : "Marc",
		"LName" : "Albrighton",
		"HomeTeam" : "Leicester City",
		"DoB" : "1989-11-18",
		"Nationality" : "England",
		"Position" : "Leicester City",
		"Weight" : 175,
		"Height" : 74
	},
	{
		"FName" : "Marc",
		"LName" : "Cucurella",
		"HomeTeam" : "Brighton and Hove Albion",
		"DoB" : "1998-07-22",
		"Nationality" : "Spain",
		"Position" : "Brighton and Hove Albion",
		"Weight" : 172,
		"Height" : 66
	},
	{
		"FName" : "Marcos",
		"LName" : "Alonso",
		"HomeTeam" : "Chelsea",
		"DoB" : "1990-12-28",
		"Nationality" : "Spain",
		"Position" : "Chelsea",
		"Weight" : 188,
		"Height" : 84
	},
	{
		"FName" : "Marcus",
		"LName" : "Bettinelli",
		"HomeTeam" : "Chelsea",
		"DoB" : "1992-05-24",
		"Nationality" : "England",
		"Position" : "Chelsea",
		"Weight" : 194,
		"Height" : 82
	},
	{
		"FName" : "Mason",
		"LName" : "Barrett",
		"HomeTeam" : "Watford",
		"DoB" : "1999-09-24",
		"Nationality" : "England",
		"Position" : "Defender",
		"Weight" : null,
		"Height" : null
	},
	{
		"FName" : "Mateusz",
		"LName" : "Bogusz",
		"HomeTeam" : "Leeds United",
		"DoB" : "2001-08-22",
		"Nationality" : "Poland",
		"Position" : "Midfielder",
		"Weight" : 175,
		"Height" : null
	},
	{
		"FName" : "Matt",
		"LName" : "Doherty",
		"HomeTeam" : "Tottenham Hotspur",
		"DoB" : "1992-01-16",
		"Nationality" : "Ireland",
		"Position" : "Tottenham Hotspur",
		"Weight" : 182,
		"Height" : 80
	},
	{
		"FName" : "Matthew",
		"LName" : "Cash",
		"HomeTeam" : "Aston Villa",
		"DoB" : "1997-08-07",
		"Nationality" : "Poland",
		"Position" : "Aston Villa",
		"Weight" : 185,
		"Height" : null
	},
	{
		"FName" : "Matthew",
		"LName" : "Cox",
		"HomeTeam" : "Brentford",
		"DoB" : "2003-05-02",
		"Nationality" : "England",
		"Position" : "Brentford",
		"Weight" : null,
		"Height" : null
	},
	{
		"FName" : "Max",
		"LName" : "Aarons",
		"HomeTeam" : "Norwich City",
		"DoB" : "2000-01-04",
		"Nationality" : "England",
		"Position" : "Norwich City",
		"Weight" : 178,
		"Height" : 69
	},
	{
		"FName" : "Maxwel",
		"LName" : "Cornet",
		"HomeTeam" : "Burnley",
		"DoB" : "1996-09-27",
		"Nationality" : "Cote D’Ivoire",
		"Position" : "Burnley",
		"Weight" : 179,
		"Height" : 69
	},
	{
		"FName" : "Michail",
		"LName" : "Antonio",
		"HomeTeam" : "West Ham United",
		"DoB" : "1990-03-28",
		"Nationality" : "Jamaica",
		"Position" : "West Ham United",
		"Weight" : 180,
		"Height" : 82
	},
	{
		"FName" : "Michy",
		"LName" : "Batshuayi",
		"HomeTeam" : "Crystal Palace (Loan)",
		"DoB" : "1993-10-02",
		"Nationality" : "Belgium",
		"Position" : "Forward",
		"Weight" : 184,
		"Height" : null
	},
	{
		"FName" : "Miguel",
		"LName" : "Almirón",
		"HomeTeam" : "Newcastle United",
		"DoB" : "1994-02-10",
		"Nationality" : "Paraguay",
		"Position" : "Newcastle United",
		"Weight" : 174,
		"Height" : 70
	},
	{
		"FName" : "Miguel",
		"LName" : "Azeez",
		"HomeTeam" : "Arsenal",
		"DoB" : "2002-09-20",
		"Nationality" : "England",
		"Position" : "Arsenal",
		"Weight" : null,
		"Height" : null
	},
	{
		"FName" : "Mika",
		"LName" : "Biereth",
		"HomeTeam" : "Arsenal",
		"DoB" : "2003-02-08",
		"Nationality" : "England",
		"Position" : "Arsenal",
		"Weight" : null,
		"Height" : null
	},
	{
		"FName" : "Moisés",
		"LName" : "Caicedo",
		"HomeTeam" : "Brighton and Hove Albion",
		"DoB" : "2001-11-02",
		"Nationality" : "Ecuador",
		"Position" : "Brighton and Hove Albion",
		"Weight" : 178,
		"Height" : 73
	},
	{
		"FName" : "Moussa",
		"LName" : "Djenepo",
		"HomeTeam" : "Southampton",
		"DoB" : "1998-06-15",
		"Nationality" : "Mali",
		"Position" : "Southampton",
		"Weight" : 177,
		"Height" : 65
	},
	{
		"FName" : "Muhamed",
		"LName" : "Besic",
		"HomeTeam" : "Everton",
		"DoB" : "1992-09-10",
		"Nationality" : "Bosnia & Herzegovina",
		"Position" : "Midfielder",
		"Weight" : 180,
		"Height" : null
	},
	{
		"FName" : "Mungo",
		"LName" : "Bridge",
		"HomeTeam" : "Aston Villa",
		"DoB" : "2000-09-12",
		"Nationality" : "England",
		"Position" : "Forward",
		"Weight" : null,
		"Height" : null
	},
	{
		"FName" : "Nathan",
		"LName" : "Aké",
		"HomeTeam" : "Manchester City",
		"DoB" : "1995-02-18",
		"Nationality" : "Netherlands",
		"Position" : "Manchester City",
		"Weight" : 180,
		"Height" : 75
	},
	{
		"FName" : "Nathan",
		"LName" : "Baxter",
		"HomeTeam" : "Chelsea",
		"DoB" : "1998-11-08",
		"Nationality" : "England",
		"Position" : "Goalkeeper",
		"Weight" : 191,
		"Height" : null
	},
	{
		"FName" : "Nathan",
		"LName" : "Bishop",
		"HomeTeam" : "Manchester United",
		"DoB" : "1999-10-15",
		"Nationality" : "England",
		"Position" : "Goalkeeper",
		"Weight" : 185,
		"Height" : null
	},
	{
		"FName" : "Nathan",
		"LName" : "Broadhead",
		"HomeTeam" : "Everton",
		"DoB" : "1998-04-05",
		"Nationality" : "Wales",
		"Position" : "Forward",
		"Weight" : 178,
		"Height" : null
	},
	{
		"FName" : "Nathan",
		"LName" : "Collins",
		"HomeTeam" : "Burnley",
		"DoB" : "2001-04-30",
		"Nationality" : "Ireland",
		"Position" : "Burnley",
		"Weight" : 193,
		"Height" : null
	},
	{
		"FName" : "Nathaniel",
		"LName" : "Clyne",
		"HomeTeam" : "Crystal Palace",
		"DoB" : "1991-04-05",
		"Nationality" : "England",
		"Position" : "Crystal Palace",
		"Weight" : 175,
		"Height" : 67
	},
	{
		"FName" : "Oliver",
		"LName" : "Casey",
		"HomeTeam" : "Leeds United",
		"DoB" : "2000-10-14",
		"Nationality" : "England",
		"Position" : "Defender",
		"Weight" : 188,
		"Height" : null
	},
	{
		"FName" : "Omotayo",
		"LName" : "Adaramola",
		"HomeTeam" : "Crystal Palace U21",
		"DoB" : "2003-11-13",
		"Nationality" : "Ireland",
		"Position" : "Crystal Palace",
		"Weight" : null,
		"Height" : null
	},
	{
		"FName" : "Oscar",
		"LName" : "Bobb",
		"HomeTeam" : "Manchester City",
		"DoB" : "2003-07-12",
		"Nationality" : "Norway",
		"Position" : "Manchester City",
		"Weight" : null,
		"Height" : null
	},
	{
		"FName" : "Owen",
		"LName" : "Beck",
		"HomeTeam" : "Liverpool",
		"DoB" : "2002-08-09",
		"Nationality" : "Wales",
		"Position" : "Liverpool",
		"Weight" : null,
		"Height" : null
	},
	{
		"FName" : "Owen",
		"LName" : "Dodgson",
		"HomeTeam" : "Burnley",
		"DoB" : "2003-03-19",
		"Nationality" : "England",
		"Position" : "Burnley",
		"Weight" : null,
		"Height" : null
	},
	{
		"FName" : "Patrick",
		"LName" : "Bamford",
		"HomeTeam" : "Leeds United",
		"DoB" : "1993-09-05",
		"Nationality" : "England",
		"Position" : "Leeds United",
		"Weight" : 185,
		"Height" : 71
	},
	{
		"FName" : "Patrick",
		"LName" : "Cutrone",
		"HomeTeam" : "Wolverhampton Wanderers",
		"DoB" : "1998-01-03",
		"Nationality" : "Italy",
		"Position" : "Forward",
		"Weight" : 183,
		"Height" : null
	},
	{
		"FName" : "Patson",
		"LName" : "Daka",
		"HomeTeam" : "Leicester City",
		"DoB" : "1998-10-09",
		"Nationality" : "Zambia",
		"Position" : "Leicester City",
		"Weight" : 183,
		"Height" : 71
	},
	{
		"FName" : "Phil",
		"LName" : "Bardsley",
		"HomeTeam" : "Burnley",
		"DoB" : "1985-06-28",
		"Nationality" : "Scotland",
		"Position" : "Burnley",
		"Weight" : 180,
		"Height" : 74
	},
	{
		"FName" : "Pierre-Emerick",
		"LName" : "Aubameyang",
		"HomeTeam" : "Arsenal",
		"DoB" : "1989-06-18",
		"Nationality" : "Gabon",
		"Position" : "Forward",
		"Weight" : 187,
		"Height" : null
	},
	{
		"FName" : "Pontus",
		"LName" : "Dahlberg",
		"HomeTeam" : "Watford",
		"DoB" : "1999-01-21",
		"Nationality" : "Sweden",
		"Position" : "Goalkeeper",
		"Weight" : 194,
		"Height" : null
	},
	{
		"FName" : "Rayan",
		"LName" : "Aït-Nouri",
		"HomeTeam" : "Wolverhampton Wanderers",
		"DoB" : "2001-06-06",
		"Nationality" : "France",
		"Position" : "Wolverhampton Wanderers",
		"Weight" : 179,
		"Height" : 70
	},
	{
		"FName" : "Robbie",
		"LName" : "Brady",
		"HomeTeam" : "Burnley",
		"DoB" : "1992-01-14",
		"Nationality" : "Ireland",
		"Position" : "Midfielder",
		"Weight" : 176,
		"Height" : null
	},
	{
		"FName" : "Rodrigo",
		"LName" : "Bentancur",
		"HomeTeam" : "Tottenham Hotspur",
		"DoB" : "1997-06-25",
		"Nationality" : "Uruguay",
		"Position" : "Tottenham Hotspur",
		"Weight" : 187,
		"Height" : 72
	},
	{
		"FName" : "Ross",
		"LName" : "Barkley",
		"HomeTeam" : "Aston Villa (Loan)",
		"DoB" : "1993-12-05",
		"Nationality" : "England",
		"Position" : "Chelsea",
		"Weight" : 189,
		"Height" : 76
	},
	{
		"FName" : "Ryan",
		"LName" : "Alebiosu",
		"HomeTeam" : "Arsenal",
		"DoB" : "2001-12-17",
		"Nationality" : "England",
		"Position" : "Defender",
		"Weight" : null,
		"Height" : null
	},
	{
		"FName" : "Ryan",
		"LName" : "Astley",
		"HomeTeam" : "Everton U21",
		"DoB" : "2001-10-04",
		"Nationality" : "Wales",
		"Position" : "Everton",
		"Weight" : null,
		"Height" : null
	},
	{
		"FName" : "Ryan",
		"LName" : "Bertrand",
		"HomeTeam" : "Leicester City",
		"DoB" : "1989-08-05",
		"Nationality" : "England",
		"Position" : "Leicester City",
		"Weight" : 179,
		"Height" : 85
	},
	{
		"FName" : "Saïd",
		"LName" : "Benrahma",
		"HomeTeam" : "West Ham United",
		"DoB" : "1995-08-10",
		"Nationality" : "Algeria",
		"Position" : "West Ham United",
		"Weight" : 172,
		"Height" : 67
	},
	{
		"FName" : "Sam",
		"LName" : "Byram",
		"HomeTeam" : "Norwich City",
		"DoB" : "1993-09-16",
		"Nationality" : "England",
		"Position" : "Norwich City",
		"Weight" : 180,
		"Height" : 72
	},
	{
		"FName" : "Sam",
		"LName" : "Dalby",
		"HomeTeam" : "Watford",
		"DoB" : "1999-12-07",
		"Nationality" : "England",
		"Position" : "Forward",
		"Weight" : null,
		"Height" : null
	},
	{
		"FName" : "Sammy",
		"LName" : "Braybrooke",
		"HomeTeam" : "Leicester City",
		"DoB" : "2004-03-12",
		"Nationality" : "England",
		"Position" : "Leicester City",
		"Weight" : null,
		"Height" : null
	},
	{
		"FName" : "Scott",
		"LName" : "Banks",
		"HomeTeam" : "Crystal Palace",
		"DoB" : "2001-09-26",
		"Nationality" : "Scotland",
		"Position" : "Crystal Palace",
		"Weight" : null,
		"Height" : null
	},
	{
		"FName" : "Scott",
		"LName" : "Carson",
		"HomeTeam" : "Manchester City",
		"DoB" : "1985-09-03",
		"Nationality" : "England",
		"Position" : "Manchester City",
		"Weight" : 190,
		"Height" : 76
	},
	{
		"FName" : "Scott",
		"LName" : "Dann",
		"HomeTeam" : "Crystal Palace",
		"DoB" : "1987-02-14",
		"Nationality" : "England",
		"Position" : "Defender",
		"Weight" : 188,
		"Height" : null
	},
	{
		"FName" : "Séamus",
		"LName" : "Coleman",
		"HomeTeam" : "Everton",
		"DoB" : "1988-10-11",
		"Nationality" : "Ireland",
		"Position" : "Everton",
		"Weight" : 177,
		"Height" : 67
	},
	{
		"FName" : "Serge",
		"LName" : "Aurier",
		"HomeTeam" : "Tottenham Hotspur",
		"DoB" : "1992-12-24",
		"Nationality" : "Cote D’Ivoire",
		"Position" : "Defender",
		"Weight" : 176,
		"Height" : null
	},
	{
		"FName" : "Sergi",
		"LName" : "Canós",
		"HomeTeam" : "Brentford",
		"DoB" : "1997-02-02",
		"Nationality" : "Spain",
		"Position" : "Brentford",
		"Weight" : 177,
		"Height" : 75
	},
	{
		"FName" : "Sergio",
		"LName" : "Agüero",
		"HomeTeam" : "Manchester City",
		"DoB" : "1988-06-02",
		"Nationality" : "Argentina",
		"Position" : "Forward",
		"Weight" : 173,
		"Height" : null
	},
	{
		"FName" : "Shandon",
		"LName" : "Baptiste",
		"HomeTeam" : "Brentford",
		"DoB" : "1998-04-08",
		"Nationality" : "Grenada",
		"Position" : "Brentford",
		"Weight" : 175,
		"Height" : 71
	},
	{
		"FName" : "Shea",
		"LName" : "Charles",
		"HomeTeam" : "Manchester City",
		"DoB" : "2003-11-05",
		"Nationality" : "Northern Ireland",
		"Position" : "Defender",
		"Weight" : null,
		"Height" : null
	},
	{
		"FName" : "Steven",
		"LName" : "Alzate",
		"HomeTeam" : "Brighton and Hove Albion",
		"DoB" : "1998-09-08",
		"Nationality" : "Colombia",
		"Position" : "Brighton and Hove Albion",
		"Weight" : 180,
		"Height" : 75
	},
	{
		"FName" : "Steven",
		"LName" : "Bergwijn",
		"HomeTeam" : "Tottenham Hotspur",
		"DoB" : "1997-10-08",
		"Nationality" : "Netherlands",
		"Position" : "Tottenham Hotspur",
		"Weight" : 178,
		"Height" : 78
	},
	{
		"FName" : "Stuart",
		"LName" : "Dallas",
		"HomeTeam" : "Leeds United",
		"DoB" : "1991-04-19",
		"Nationality" : "Northern Ireland",
		"Position" : "Leeds United",
		"Weight" : 183,
		"Height" : 81
	},
	{
		"FName" : "Taiwo",
		"LName" : "Awoniyi",
		"HomeTeam" : "Liverpool",
		"DoB" : "1997-08-12",
		"Nationality" : "Nigeria",
		"Position" : "Forward",
		"Weight" : 183,
		"Height" : null
	},
	{
		"FName" : "Tammy",
		"LName" : "Abraham",
		"HomeTeam" : "Chelsea",
		"DoB" : "1997-10-02",
		"Nationality" : "England",
		"Position" : "Forward",
		"Weight" : 190,
		"Height" : null
	},
	{
		"FName" : "Theo",
		"LName" : "Corbeanu",
		"HomeTeam" : "Wolverhampton Wanderers U21",
		"DoB" : "2002-05-17",
		"Nationality" : "Canada",
		"Position" : "Forward",
		"Weight" : 190,
		"Height" : null
	},
	{
		"FName" : "Thomas",
		"LName" : "Dickson-Peters",
		"HomeTeam" : "Norwich City",
		"DoB" : "2002-09-16",
		"Nationality" : "Scotland",
		"Position" : "Forward",
		"Weight" : null,
		"Height" : null
	},
	{
		"FName" : "Tiemoué",
		"LName" : "Bakayoko",
		"HomeTeam" : "Chelsea",
		"DoB" : "1994-08-17",
		"Nationality" : "France",
		"Position" : "Midfielder",
		"Weight" : 185,
		"Height" : null
	},
	{
		"FName" : "Timothy",
		"LName" : "Castagne",
		"HomeTeam" : "Leicester City",
		"DoB" : "1995-12-05",
		"Nationality" : "Belgium",
		"Position" : "Leicester City",
		"Weight" : 185,
		"Height" : 80
	},
	{
		"FName" : "Toby",
		"LName" : "Alderweireld",
		"HomeTeam" : "Tottenham Hotspur",
		"DoB" : "1989-03-02",
		"Nationality" : "Belgium",
		"Position" : "Defender",
		"Weight" : 186,
		"Height" : null
	},
	{
		"FName" : "Todd",
		"LName" : "Cantwell",
		"HomeTeam" : "Norwich City",
		"DoB" : "1998-02-27",
		"Nationality" : "England",
		"Position" : "Midfielder",
		"Weight" : 177,
		"Height" : null
	},
	{
		"FName" : "Tom",
		"LName" : "Cleverley",
		"HomeTeam" : "Watford",
		"DoB" : "1989-08-12",
		"Nationality" : "England",
		"Position" : "Watford",
		"Weight" : 175,
		"Height" : 67
	},
	{
		"FName" : "Tom",
		"LName" : "Davies",
		"HomeTeam" : "Everton",
		"DoB" : "1998-06-30",
		"Nationality" : "England",
		"Position" : "Everton",
		"Weight" : 180,
		"Height" : 70
	},
	{
		"FName" : "Tommy",
		"LName" : "Doyle",
		"HomeTeam" : "Manchester City",
		"DoB" : "2001-10-17",
		"Nationality" : "England",
		"Position" : "Midfielder",
		"Weight" : null,
		"Height" : null
	},
	{
		"FName" : "Trent",
		"LName" : "Alexander-Arnold",
		"HomeTeam" : "Liverpool",
		"DoB" : "1998-10-07",
		"Nationality" : "England",
		"Position" : "Liverpool",
		"Weight" : 175,
		"Height" : 69
	},
	{
		"FName" : "Trevoh",
		"LName" : "Chalobah",
		"HomeTeam" : "Chelsea",
		"DoB" : "1999-07-05",
		"Nationality" : "England",
		"Position" : "Chelsea",
		"Weight" : 190,
		"Height" : 75
	},
	{
		"FName" : "Troy",
		"LName" : "Deeney",
		"HomeTeam" : "Watford",
		"DoB" : "1988-06-29",
		"Nationality" : "England",
		"Position" : "Forward",
		"Weight" : 183,
		"Height" : null
	},
	{
		"FName" : "Tudor",
		"LName" : "Baluta",
		"HomeTeam" : "Brighton and Hove Albion",
		"DoB" : "1999-03-27",
		"Nationality" : "Romania",
		"Position" : "Brighton and Hove Albion",
		"Weight" : 192,
		"Height" : 80
	},
	{
		"FName" : "Vincent",
		"LName" : "Angelini",
		"HomeTeam" : "Watford",
		"DoB" : "2003-09-12",
		"Nationality" : "Scotland",
		"Position" : "Watford",
		"Weight" : 186,
		"Height" : null
	},
	{
		"FName" : "Vladimir",
		"LName" : "Coufal",
		"HomeTeam" : "West Ham United",
		"DoB" : "1992-08-22",
		"Nationality" : "Czech Republic",
		"Position" : "West Ham United",
		"Weight" : 179,
		"Height" : 76
	},
	{
		"FName" : "Vontae",
		"LName" : "Daley-Campbell",
		"HomeTeam" : "Leicester City",
		"DoB" : "2001-04-02",
		"Nationality" : "England",
		"Position" : "Defender",
		"Weight" : null,
		"Height" : null
	},
	{
		"FName" : "Will",
		"LName" : "Alves",
		"HomeTeam" : "Leicester City",
		"DoB" : "2005-02-04",
		"Nationality" : "England",
		"Position" : "Leicester City",
		"Weight" : null,
		"Height" : null
	},
	{
		"FName" : "Willy",
		"LName" : "Boly",
		"HomeTeam" : "Wolverhampton Wanderers",
		"DoB" : "1991-02-03",
		"Nationality" : "Cote D’Ivoire",
		"Position" : "Wolverhampton Wanderers",
		"Weight" : 195,
		"Height" : 92
	},
	{
		"FName" : "Willy",
		"LName" : "Caballero",
		"HomeTeam" : "Southampton",
		"DoB" : "1981-09-28",
		"Nationality" : "Argentina",
		"Position" : "Southampton",
		"Weight" : 186,
		"Height" : 81
	},
	{
		"FName" : "Yaser",
		"LName" : "Asprilla",
		"HomeTeam" : "Watford",
		"DoB" : "2003-11-19",
		"Nationality" : "Colombia",
		"Position" : "Midfielder",
		"Weight" : 185,
		"Height" : null
	},
	{
		"FName" : "Yves",
		"LName" : "Bissouma",
		"HomeTeam" : "Brighton and Hove Albion",
		"DoB" : "1996-08-30",
		"Nationality" : "Mali",
		"Position" : "Brighton and Hove Albion",
		"Weight" : 182,
		"Height" : 80
	},
	{
		"FName" : "Zach",
		"LName" : "Awe",
		"HomeTeam" : "Arsenal",
		"DoB" : "2004-01-09",
		"Nationality" : "England",
		"Position" : "Arsenal",
		"Weight" : null,
		"Height" : null
	}
]
