Username,Rating,Text Review,review Date,Home Team,Away Team,Match Date
leeashley,1,The match didn't go that well,11/11/21,,,
lyonspeter,1,I didn't like the players performance,3/3/22,,,
monica23,8,A very great match and the goalkeeper were better than expected,1/4/22,,,
perezbilly,6,Better than expected but yet not that best ,10/10/21,,,
jessicajohnson,3,Not the best premieum league ever,8/9/21,,,
cumarana,6,The match didn't go that well,1/3/21,,,
sjmuir,7,I didn't like the players performance,2/26/21,,,
facet,8,A very great match and the goalkeeper were better than expected,4/20/22,,,
rafasgj,9,Better than expected but yet not that best ,7/12/22,,,
falcao,1,Not the best premieum league ever,8/16/22,,,
cfhsoft,4,The match didn't go that well,1/1/21,,,
jfmulder,2,I didn't like the players performance,2/1/21,,,
melnik,7,A very great match and the goalkeeper were better than expected,3/4/21,,,
jonadab,5,Better than expected but yet not that best ,2/5/20,,,
uraeus,4,Not the best premieum league ever,1/7/00,,,
sriha,2,The match didn't go that well,2/26/21,,,
gozer,3,I didn't like the players performance,4/20/20,,,
boftx,5,A very great match and the goalkeeper were better than expected,7/12/21,,,
animats,3,Better than expected but yet not that best ,8/16/22,,,
flavell,6,Not the best premieum league ever,1/1/21,,,
esokullu,2,The match didn't go that well,2/1/20,,,
storerm,4,I didn't like the players performance,5/5/21,,,
bflong,10,A very great match and the goalkeeper were better than expected,1/5/21,,,
,,,,,,
,,,,,,